letra,ruido_porcentaje,bit_0,bit_1,bit_2,bit_3,bit_4,bit_5,bit_6,bit_7,bit_8,bit_9,bit_10,bit_11,bit_12,bit_13,bit_14,bit_15,bit_16,bit_17,bit_18,bit_19,bit_20,bit_21,bit_22,bit_23,bit_24,bit_25,bit_26,bit_27,bit_28,bit_29,bit_30,bit_31,bit_32,bit_33,bit_34,bit_35,bit_36,bit_37,bit_38,bit_39,bit_40,bit_41,bit_42,bit_43,bit_44,bit_45,bit_46,bit_47,bit_48,bit_49,bit_50,bit_51,bit_52,bit_53,bit_54,bit_55,bit_56,bit_57,bit_58,bit_59,bit_60,bit_61,bit_62,bit_63,bit_64,bit_65,bit_66,bit_67,bit_68,bit_69,bit_70,bit_71,bit_72,bit_73,bit_74,bit_75,bit_76,bit_77,bit_78,bit_79,bit_80,bit_81,bit_82,bit_83,bit_84,bit_85,bit_86,bit_87,bit_88,bit_89,bit_90,bit_91,bit_92,bit_93,bit_94,bit_95,bit_96,bit_97,bit_98,bit_99
A,9.982811441511553,-1,-1,1,1,1,1,-1,1,-1,-1,-1,1,-1,-1,-1,-1,-1,-1,1,-1,1,1,-1,-1,-1,-1,-1,1,-1,1,1,1,-1,-1,-1,-1,-1,-1,-1,1,1,1,1,1,1,1,1,1,1,1,1,-1,-1,-1,-1,-1,-1,-1,-1,1,-1,-1,-1,-1,-1,-1,-1,1,-1,1,1,-1,-1,-1,-1,-1,-1,-1,-1,1,-1,-1,1,-1,-1,-1,-1,-1,-1,1,-1,-1,-1,-1,-1,-1,-1,1,-1,-1
A,24.234299092755922,-1,-1,1,1,1,1,-1,-1,-1,-1,-1,1,1,-1,1,-1,-1,-1,1,-1,1,1,-1,-1,1,1,-1,1,-1,1,1,-1,-1,-1,-1,-1,-1,-1,-1,-1,-1,1,-1,1,-1,1,1,1,1,-1,-1,-1,1,-1,-1,-1,-1,-1,-1,1,-1,-1,-1,1,-1,1,1,-1,-1,1,1,-1,-1,1,1,-1,-1,-1,-1,1,-1,-1,-1,-1,-1,1,-1,-1,1,-1,1,-1,-1,-1,-1,-1,-1,-1,-1,-1
A,12.676372677256442,1,-1,1,1,1,1,1,1,-1,-1,-1,1,-1,-1,-1,-1,-1,-1,1,-1,1,-1,1,-1,-1,1,-1,-1,1,1,1,-1,-1,1,-1,1,-1,-1,-1,1,1,-1,1,1,1,1,1,1,1,1,-1,-1,-1,1,-1,-1,-1,-1,-1,1,1,-1,-1,-1,-1,-1,-1,-1,-1,1,1,-1,-1,-1,-1,-1,1,-1,-1,1,-1,1,-1,-1,-1,-1,-1,-1,-1,-1,-1,-1,-1,-1,-1,-1,-1,-1,1,-1
A,16.258673117670558,-1,-1,-1,1,1,1,-1,1,-1,-1,1,1,-1,-1,-1,-1,-1,-1,1,-1,-1,-1,1,-1,-1,1,-1,-1,-1,1,1,-1,1,-1,-1,-1,-1,-1,-1,-1,1,1,1,1,1,1,1,1,1,1,1,-1,-1,-1,-1,-1,1,-1,-1,1,1,-1,1,1,1,-1,-1,1,-1,1,1,1,-1,-1,-1,-1,-1,-1,-1,1,-1,-1,-1,-1,-1,1,-1,-1,-1,-1,-1,-1,-1,-1,-1,-1,-1,-1,-1,1
A,35.57013751521744,-1,-1,-1,1,1,1,-1,1,-1,1,-1,-1,-1,-1,-1,1,1,-1,1,1,-1,-1,-1,-1,1,-1,-1,1,1,1,-1,1,-1,-1,-1,-1,1,-1,1,1,1,1,1,-1,-1,-1,-1,1,-1,1,1,-1,-1,-1,-1,-1,1,-1,-1,-1,-1,-1,-1,-1,1,-1,-1,-1,1,1,1,-1,-1,-1,-1,1,1,-1,-1,-1,-1,1,-1,1,-1,-1,-1,1,1,-1,1,-1,-1,-1,-1,1,-1,1,-1,-1
A,29.77336483418061,1,1,-1,1,1,1,1,1,1,-1,-1,1,-1,-1,1,-1,-1,1,1,-1,1,1,1,-1,-1,-1,1,-1,1,1,1,-1,1,-1,-1,-1,1,-1,1,-1,1,1,-1,1,1,-1,1,1,-1,1,1,-1,-1,-1,-1,1,-1,1,1,1,1,-1,-1,-1,-1,-1,-1,-1,-1,-1,1,-1,-1,-1,-1,1,-1,-1,-1,1,1,-1,-1,1,-1,-1,-1,-1,1,-1,-1,-1,1,1,1,-1,-1,1,-1,-1
A,22.658252006734664,1,-1,-1,-1,1,1,-1,1,1,-1,-1,-1,-1,-1,1,-1,1,-1,-1,-1,-1,-1,-1,-1,-1,-1,-1,-1,-1,1,1,-1,-1,-1,-1,-1,-1,-1,-1,1,-1,1,1,1,1,1,1,1,1,-1,-1,-1,-1,-1,-1,-1,-1,-1,-1,-1,1,-1,1,-1,-1,-1,-1,-1,-1,-1,1,-1,-1,-1,-1,-1,-1,-1,-1,1,-1,-1,-1,-1,-1,1,-1,-1,1,-1,-1,1,-1,1,-1,-1,1,-1,1,-1
A,25.53969372989321,1,1,1,1,1,-1,1,-1,-1,1,1,1,-1,-1,-1,-1,1,-1,1,-1,1,-1,1,-1,-1,1,-1,-1,-1,-1,1,-1,-1,-1,1,-1,-1,-1,-1,1,1,1,1,1,1,1,1,1,1,1,-1,-1,-1,-1,1,-1,1,1,-1,-1,1,-1,-1,1,1,-1,-1,-1,1,1,1,1,-1,-1,-1,-1,-1,-1,1,1,-1,-1,-1,1,-1,1,-1,-1,-1,-1,-1,-1,-1,1,-1,1,-1,-1,-1,-1
A,12.417296809291967,-1,-1,1,1,1,1,1,1,-1,-1,-1,-1,-1,-1,-1,-1,-1,-1,1,-1,1,1,-1,-1,-1,-1,-1,-1,-1,1,1,-1,-1,-1,-1,-1,-1,-1,-1,1,1,-1,1,1,1,1,-1,1,1,1,1,-1,-1,-1,1,-1,-1,-1,-1,1,-1,-1,-1,-1,-1,-1,-1,-1,-1,1,1,-1,1,-1,-1,-1,-1,-1,-1,-1,-1,-1,-1,-1,1,-1,-1,1,-1,-1,1,-1,-1,-1,-1,1,-1,-1,-1,-1
A,31.39089116348425,-1,-1,1,1,-1,1,1,1,-1,-1,1,-1,-1,1,-1,1,-1,1,1,-1,1,-1,-1,-1,-1,1,-1,-1,-1,1,-1,-1,-1,1,-1,1,-1,1,-1,1,1,-1,1,1,1,-1,-1,1,1,1,-1,1,-1,-1,1,1,1,-1,-1,1,-1,-1,-1,-1,1,-1,-1,-1,1,1,1,-1,-1,-1,-1,1,-1,1,-1,1,1,1,-1,1,-1,1,1,-1,-1,1,-1,-1,-1,-1,-1,-1,-1,1,-1,-1
B,41.47465965962901,1,1,1,1,-1,1,1,-1,-1,-1,1,-1,1,1,-1,-1,1,-1,-1,-1,1,1,1,-1,1,-1,-1,1,-1,1,-1,-1,1,-1,-1,-1,-1,1,1,1,1,1,-1,-1,-1,-1,-1,1,1,-1,1,1,-1,1,-1,-1,-1,-1,1,1,1,-1,-1,1,1,-1,-1,-1,-1,1,-1,1,1,1,1,1,-1,-1,-1,1,1,-1,-1,1,1,1,-1,-1,-1,-1,1,-1,-1,-1,-1,1,-1,1,1,-1
B,39.3550119667486,1,-1,-1,-1,1,1,-1,-1,-1,-1,1,-1,-1,1,-1,-1,1,1,-1,1,1,1,-1,-1,1,-1,1,1,1,1,1,-1,-1,1,-1,-1,-1,-1,-1,1,1,1,-1,1,-1,1,1,-1,1,-1,-1,1,1,-1,1,-1,-1,-1,-1,1,-1,-1,-1,-1,1,-1,-1,-1,1,-1,1,-1,1,1,1,-1,-1,-1,-1,1,-1,1,-1,-1,-1,1,-1,-1,-1,1,-1,1,-1,-1,1,-1,-1,-1,-1,1
B,48.70151853433164,-1,-1,1,1,1,-1,1,-1,1,1,1,-1,1,1,1,1,1,-1,1,1,1,-1,-1,1,-1,-1,-1,1,1,1,1,-1,-1,-1,1,1,-1,-1,1,1,1,-1,1,-1,-1,-1,1,1,-1,1,-1,1,1,1,-1,1,1,-1,1,1,1,-1,1,-1,-1,-1,-1,1,1,1,1,1,1,-1,1,-1,1,1,-1,-1,1,-1,-1,1,1,-1,-1,1,-1,-1,-1,-1,-1,1,-1,-1,1,-1,1,-1
B,43.99392377490231,-1,1,1,1,1,1,1,-1,1,-1,-1,-1,1,-1,-1,1,-1,-1,-1,-1,1,-1,1,-1,-1,1,1,1,1,1,-1,-1,1,1,1,-1,-1,1,1,-1,-1,1,-1,1,-1,1,-1,1,1,-1,1,1,1,-1,1,-1,1,-1,-1,1,1,1,-1,-1,-1,-1,1,-1,-1,1,1,1,1,-1,1,-1,-1,-1,1,1,1,1,-1,-1,-1,-1,-1,-1,1,1,1,1,1,-1,1,-1,-1,-1,-1,1
B,34.13519638115746,1,1,1,1,-1,-1,-1,1,1,1,-1,-1,-1,-1,1,-1,1,-1,1,-1,1,-1,-1,-1,-1,1,-1,-1,-1,1,1,1,-1,-1,1,1,-1,-1,1,1,1,-1,1,1,-1,-1,-1,-1,-1,-1,1,-1,-1,-1,-1,1,1,1,-1,-1,-1,1,-1,1,-1,-1,1,1,1,-1,-1,1,1,1,1,1,-1,-1,-1,-1,-1,1,1,-1,1,1,-1,-1,-1,-1,1,-1,-1,1,-1,1,-1,-1,1,-1
B,29.193717388873218,1,1,1,1,-1,-1,1,-1,-1,1,-1,-1,-1,-1,-1,-1,1,-1,1,1,1,1,-1,-1,-1,1,-1,-1,-1,-1,1,1,-1,-1,-1,-1,-1,-1,1,-1,1,-1,1,-1,-1,-1,-1,1,-1,-1,1,-1,-1,1,1,-1,1,1,-1,-1,1,-1,-1,-1,-1,1,1,-1,1,-1,1,-1,-1,-1,-1,1,-1,-1,-1,-1,-1,-1,-1,-1,-1,-1,-1,1,-1,-1,-1,-1,-1,-1,-1,-1,1,-1,-1,-1
B,47.32431351374767,-1,-1,-1,1,1,1,-1,1,1,-1,1,-1,-1,1,1,-1,1,1,1,1,1,-1,1,-1,-1,-1,-1,-1,1,-1,-1,-1,1,-1,1,1,1,-1,-1,1,1,1,-1,1,-1,1,1,-1,-1,1,-1,-1,1,-1,-1,1,1,-1,-1,1,1,-1,1,-1,1,1,1,-1,1,1,1,1,1,-1,-1,1,1,1,-1,-1,1,1,-1,1,1,-1,-1,1,1,-1,1,-1,1,-1,1,-1,1,1,1,-1
B,28.961444661110118,1,1,-1,1,1,-1,-1,-1,-1,-1,1,-1,-1,1,-1,1,1,-1,-1,-1,-1,-1,-1,1,-1,-1,1,-1,-1,-1,-1,1,1,1,1,-1,-1,-1,-1,-1,-1,-1,-1,-1,1,-1,-1,-1,-1,-1,-1,1,-1,1,-1,-1,1,-1,-1,-1,1,1,-1,1,-1,-1,1,-1,1,-1,-1,1,1,1,-1,-1,1,1,-1,1,1,-1,-1,-1,1,-1,-1,-1,-1,1,-1,-1,-1,-1,-1,-1,1,-1,1,-1
B,38.522066033635234,1,1,-1,1,-1,1,1,-1,-1,1,-1,-1,-1,-1,-1,1,1,1,-1,1,1,1,-1,1,1,1,1,1,-1,-1,-1,-1,1,1,-1,-1,-1,-1,-1,-1,-1,-1,-1,-1,-1,-1,-1,-1,-1,-1,1,1,1,-1,-1,-1,1,-1,1,-1,1,-1,-1,-1,-1,1,-1,-1,-1,1,-1,-1,-1,-1,1,1,-1,1,-1,-1,-1,-1,-1,-1,1,-1,1,-1,1,-1,-1,1,1,-1,-1,1,-1,-1,1,1
B,5.31280648565382,1,1,1,1,1,1,-1,-1,-1,-1,1,-1,-1,1,-1,-1,1,-1,-1,-1,1,-1,-1,-1,-1,-1,1,-1,-1,-1,1,1,1,-1,1,1,1,-1,-1,-1,1,-1,-1,-1,-1,-1,1,-1,-1,-1,1,-1,-1,-1,-1,-1,1,-1,-1,-1,1,-1,-1,-1,-1,-1,1,-1,-1,-1,1,1,1,1,-1,1,-1,-1,-1,-1,-1,-1,-1,-1,-1,-1,-1,-1,-1,-1,1,-1,-1,-1,-1,-1,-1,-1,-1,-1
C,34.0244906827794,-1,-1,1,1,-1,-1,1,1,1,-1,-1,1,-1,1,1,-1,1,-1,1,1,-1,1,-1,-1,1,1,-1,-1,-1,-1,1,-1,-1,1,1,1,1,-1,-1,-1,1,1,1,-1,-1,-1,1,-1,1,-1,1,-1,1,-1,-1,-1,-1,-1,-1,1,-1,-1,-1,1,-1,-1,-1,-1,1,-1,1,-1,1,1,-1,-1,1,1,-1,-1,-1,1,-1,1,-1,-1,-1,1,-1,-1,1,-1,1,-1,1,-1,-1,-1,-1,1
C,44.15363791767406,-1,1,-1,1,1,1,-1,-1,-1,-1,-1,-1,-1,1,-1,-1,1,1,1,1,1,1,-1,-1,-1,1,-1,-1,1,1,1,1,-1,-1,-1,1,1,1,-1,1,1,-1,-1,-1,1,-1,-1,1,1,1,1,1,-1,-1,-1,1,-1,1,1,1,-1,1,1,-1,1,-1,-1,1,-1,-1,-1,-1,-1,-1,1,-1,1,-1,-1,-1,1,-1,1,-1,-1,1,1,1,1,1,1,-1,-1,1,-1,-1,-1,-1,-1,1
C,18.626824757856863,-1,1,1,1,-1,1,-1,1,-1,-1,-1,1,-1,-1,1,-1,-1,-1,-1,1,1,-1,-1,-1,-1,-1,-1,1,-1,-1,1,-1,-1,-1,-1,-1,-1,-1,1,1,1,-1,-1,-1,-1,-1,-1,-1,-1,-1,1,-1,1,1,-1,-1,-1,-1,-1,-1,-1,1,1,-1,-1,-1,-1,-1,1,-1,-1,-1,1,1,-1,1,1,1,-1,-1,-1,1,-1,-1,1,-1,-1,-1,-1,-1,-1,-1,-1,1,-1,-1,-1,-1,1,-1
C,28.513735253167937,-1,-1,1,-1,-1,1,1,1,-1,1,-1,-1,-1,-1,-1,-1,1,1,1,-1,1,-1,-1,-1,-1,1,-1,-1,-1,1,1,-1,1,-1,-1,-1,-1,1,-1,-1,1,1,1,-1,-1,1,1,-1,-1,-1,1,-1,-1,1,1,-1,-1,-1,-1,-1,-1,-1,1,-1,-1,-1,1,-1,-1,-1,1,-1,1,1,1,1,1,-1,-1,1,-1,1,1,-1,1,-1,-1,-1,-1,-1,-1,1,-1,-1,-1,-1,-1,1,-1,1
C,19.425002914628863,-1,-1,1,-1,1,1,1,1,-1,-1,1,1,-1,-1,-1,-1,-1,-1,1,-1,1,1,-1,1,-1,-1,-1,-1,-1,1,1,1,1,-1,-1,-1,-1,-1,-1,1,1,-1,-1,-1,-1,-1,-1,-1,-1,-1,1,1,-1,-1,1,-1,-1,-1,1,1,-1,1,-1,-1,-1,-1,1,-1,1,1,-1,-1,-1,1,1,1,1,1,1,-1,1,-1,-1,-1,-1,-1,-1,-1,-1,-1,1,-1,-1,-1,-1,-1,-1,1,-1,1
C,6.523091431795036,-1,1,1,1,1,1,1,-1,-1,-1,-1,1,-1,-1,-1,-1,-1,-1,1,-1,1,-1,-1,-1,-1,-1,-1,-1,-1,1,1,-1,-1,-1,-1,-1,-1,-1,-1,-1,1,-1,-1,-1,-1,-1,-1,-1,-1,-1,1,1,-1,-1,-1,-1,-1,-1,-1,-1,1,1,-1,-1,-1,-1,1,-1,1,-1,-1,-1,1,1,1,1,1,1,-1,-1,-1,-1,-1,-1,-1,-1,-1,-1,-1,-1,-1,1,-1,-1,-1,-1,-1,-1,-1,-1
C,34.279742848042375,1,1,-1,1,-1,1,1,-1,-1,-1,-1,-1,-1,-1,-1,-1,-1,1,1,-1,1,-1,-1,-1,1,1,-1,1,1,1,1,-1,1,1,-1,-1,-1,1,-1,-1,-1,1,1,1,-1,-1,-1,-1,-1,-1,-1,-1,-1,1,-1,-1,-1,-1,-1,-1,-1,-1,-1,1,1,1,-1,-1,1,-1,1,1,1,-1,1,1,1,1,1,-1,-1,-1,1,-1,1,-1,-1,-1,1,-1,-1,1,-1,1,-1,-1,1,-1,-1,-1
C,15.609296188283162,-1,-1,1,-1,1,1,1,1,-1,-1,-1,1,-1,-1,-1,-1,-1,-1,-1,1,1,-1,-1,-1,-1,-1,-1,-1,-1,1,1,-1,-1,-1,-1,1,-1,-1,-1,-1,-1,-1,-1,-1,1,-1,1,-1,-1,-1,1,-1,-1,-1,-1,-1,-1,-1,-1,1,-1,1,1,-1,-1,-1,1,-1,1,-1,-1,-1,1,1,1,-1,1,1,-1,-1,-1,-1,-1,1,1,1,-1,-1,-1,1,-1,-1,-1,-1,-1,-1,-1,-1,-1,-1
C,29.295649126833574,-1,-1,1,-1,1,1,-1,1,1,1,1,1,-1,-1,-1,-1,1,-1,1,-1,1,-1,-1,-1,-1,1,-1,1,1,-1,-1,1,-1,-1,-1,1,-1,1,1,-1,1,-1,-1,-1,-1,-1,-1,1,1,1,1,1,-1,1,-1,1,-1,-1,-1,1,-1,-1,-1,-1,-1,-1,-1,-1,1,-1,-1,1,1,1,1,1,1,1,1,-1,-1,-1,-1,-1,-1,-1,-1,-1,1,1,-1,-1,-1,1,-1,-1,-1,1,-1,-1
C,39.359775656882924,1,1,-1,1,-1,1,-1,-1,-1,-1,-1,1,-1,1,-1,1,-1,-1,-1,-1,1,-1,-1,-1,1,-1,1,-1,1,1,-1,-1,1,-1,-1,1,-1,1,-1,-1,1,1,1,-1,1,1,1,-1,-1,-1,1,-1,1,-1,-1,-1,-1,-1,1,1,-1,1,1,-1,1,-1,-1,-1,1,-1,1,-1,-1,-1,1,1,-1,1,-1,-1,-1,-1,1,-1,1,-1,-1,1,1,-1,1,1,-1,1,1,-1,-1,-1,-1,1
D,19.675046426762833,1,1,1,1,-1,-1,-1,-1,-1,-1,1,-1,-1,1,-1,1,-1,-1,-1,-1,1,-1,-1,-1,-1,-1,-1,-1,-1,-1,1,1,-1,-1,-1,-1,-1,1,-1,-1,-1,-1,1,-1,-1,-1,1,1,-1,1,1,-1,1,-1,-1,1,1,1,-1,-1,1,-1,1,-1,-1,1,-1,-1,-1,-1,1,1,1,1,-1,1,-1,-1,-1,-1,1,1,-1,1,1,-1,-1,-1,-1,1,-1,-1,-1,-1,-1,-1,-1,-1,-1,-1
D,48.601629023042385,1,1,1,1,1,-1,-1,-1,1,1,-1,-1,1,-1,-1,-1,-1,1,1,-1,1,-1,1,1,-1,-1,-1,1,-1,1,-1,-1,1,1,-1,-1,1,1,1,-1,1,1,1,-1,-1,1,1,1,1,-1,-1,-1,1,-1,1,1,-1,-1,1,-1,-1,-1,1,1,-1,1,-1,1,-1,1,1,1,1,-1,-1,1,-1,1,1,-1,-1,1,1,1,-1,1,1,-1,-1,-1,-1,-1,1,1,-1,-1,1,1,-1,1
D,41.48281844147246,-1,1,-1,-1,-1,-1,1,-1,1,-1,-1,-1,-1,-1,-1,1,1,-1,-1,1,-1,1,-1,-1,1,-1,1,1,1,-1,1,1,1,1,1,-1,-1,1,1,1,-1,-1,-1,-1,-1,1,1,1,1,1,1,-1,-1,-1,1,-1,-1,1,-1,-1,1,-1,-1,-1,-1,-1,1,-1,1,1,-1,1,-1,-1,1,1,-1,-1,-1,1,1,-1,1,-1,1,1,-1,1,1,1,-1,1,-1,1,-1,-1,-1,-1,-1,1
D,46.1015500300595,-1,-1,-1,1,-1,1,1,-1,1,-1,1,1,1,-1,-1,1,1,-1,-1,-1,1,-1,1,1,1,1,1,-1,1,1,-1,1,-1,-1,-1,-1,-1,1,1,1,1,-1,1,-1,1,1,-1,1,1,1,-1,-1,-1,1,-1,1,-1,-1,1,1,1,-1,-1,-1,-1,-1,1,1,1,-1,-1,-1,-1,1,1,1,-1,-1,-1,1,1,1,-1,1,-1,-1,-1,-1,-1,-1,-1,1,-1,1,1,-1,1,1,1,1
D,41.87836861076924,-1,1,-1,1,1,-1,-1,-1,1,1,-1,-1,-1,1,1,-1,-1,1,-1,1,1,-1,-1,-1,-1,-1,1,-1,1,1,1,-1,-1,1,-1,1,-1,-1,1,-1,-1,1,-1,-1,1,1,-1,1,1,1,-1,-1,1,-1,-1,1,-1,1,-1,1,1,-1,1,1,-1,-1,1,-1,-1,1,1,1,1,1,-1,1,-1,1,-1,-1,-1,1,-1,-1,-1,1,-1,-1,1,-1,1,-1,-1,-1,1,-1,-1,-1,-1,-1
D,30.992407267871595,1,1,1,1,1,1,-1,-1,-1,-1,1,-1,-1,-1,-1,-1,1,-1,-1,1,1,-1,1,-1,1,1,1,-1,-1,-1,1,-1,-1,1,-1,1,1,1,1,-1,1,-1,-1,-1,-1,1,-1,-1,-1,-1,1,-1,-1,-1,1,-1,-1,-1,-1,-1,-1,-1,1,-1,1,-1,1,1,1,-1,-1,1,1,-1,-1,1,-1,1,1,1,1,1,1,1,1,1,1,-1,-1,1,-1,-1,-1,-1,1,-1,-1,-1,-1,-1
D,33.434393267462404,1,1,-1,1,1,1,-1,1,-1,-1,-1,-1,1,1,1,-1,-1,-1,-1,-1,-1,-1,-1,-1,1,-1,1,1,-1,-1,-1,1,-1,-1,-1,-1,1,-1,-1,-1,1,1,-1,-1,1,-1,-1,-1,1,-1,1,1,-1,1,1,-1,1,1,-1,-1,1,1,-1,-1,1,1,1,-1,-1,1,-1,-1,-1,-1,-1,-1,-1,-1,-1,-1,1,1,-1,1,-1,1,-1,-1,-1,-1,-1,-1,-1,-1,-1,1,-1,-1,-1,-1
D,0.9113210468127464,1,1,1,1,1,-1,-1,-1,-1,-1,1,-1,-1,-1,-1,1,-1,-1,-1,-1,1,-1,-1,-1,-1,-1,1,-1,-1,-1,1,-1,-1,-1,-1,-1,-1,1,-1,-1,1,-1,-1,-1,-1,-1,-1,1,-1,-1,1,-1,-1,-1,-1,-1,-1,1,-1,-1,1,-1,-1,-1,-1,-1,1,-1,-1,-1,1,-1,-1,-1,-1,1,-1,-1,-1,-1,1,1,1,1,1,-1,-1,-1,-1,-1,-1,-1,-1,-1,-1,-1,-1,-1,-1,-1
D,7.638479621399314,1,1,1,1,1,-1,-1,-1,-1,-1,1,-1,-1,-1,-1,1,-1,-1,-1,-1,1,-1,1,-1,-1,-1,-1,1,-1,-1,1,-1,-1,-1,-1,1,-1,1,-1,1,1,-1,-1,-1,-1,-1,-1,1,-1,-1,1,-1,-1,-1,-1,-1,-1,1,1,-1,1,-1,-1,-1,-1,-1,1,-1,-1,-1,1,-1,-1,-1,-1,1,-1,-1,-1,-1,1,1,1,1,1,-1,-1,-1,-1,-1,1,-1,-1,-1,-1,-1,-1,-1,-1,-1
D,8.893960305500343,1,1,1,1,1,-1,-1,-1,-1,1,1,-1,-1,-1,-1,1,-1,-1,-1,-1,1,-1,-1,-1,-1,1,1,-1,-1,-1,1,-1,-1,-1,-1,-1,-1,1,-1,-1,1,-1,-1,-1,-1,-1,-1,1,-1,-1,1,-1,-1,-1,-1,-1,-1,1,-1,-1,1,1,-1,-1,-1,-1,1,-1,1,-1,1,-1,-1,-1,-1,1,-1,-1,-1,-1,1,1,1,1,1,-1,-1,-1,-1,-1,-1,-1,-1,1,-1,-1,1,1,1,-1
E,20.583579110767236,1,-1,1,1,1,1,1,-1,-1,-1,-1,-1,-1,1,-1,1,1,-1,1,-1,1,-1,1,-1,-1,-1,-1,-1,-1,-1,1,1,1,-1,-1,-1,-1,-1,-1,-1,1,-1,-1,-1,-1,1,-1,-1,-1,-1,1,1,1,1,1,-1,1,-1,-1,-1,1,1,-1,-1,-1,-1,-1,-1,-1,-1,1,-1,1,1,1,-1,1,-1,-1,-1,-1,-1,1,-1,-1,-1,-1,-1,-1,-1,-1,-1,-1,-1,-1,-1,-1,1,-1,-1
E,20.1868033187107,1,1,1,-1,1,1,-1,-1,1,-1,1,-1,-1,-1,-1,-1,-1,-1,-1,1,1,1,-1,-1,-1,-1,-1,1,-1,1,1,-1,1,-1,1,-1,1,-1,-1,-1,1,-1,-1,-1,-1,-1,-1,-1,-1,-1,1,-1,-1,-1,-1,-1,1,-1,-1,-1,-1,-1,-1,1,-1,-1,1,1,-1,-1,1,1,1,1,1,-1,1,-1,-1,-1,-1,-1,-1,-1,-1,1,1,-1,-1,-1,-1,1,-1,-1,1,-1,-1,-1,-1,-1
E,13.697014392845809,1,1,1,-1,1,1,1,-1,1,-1,1,-1,-1,-1,-1,-1,1,-1,-1,-1,1,-1,1,-1,-1,-1,-1,-1,-1,-1,-1,1,1,1,1,1,1,-1,-1,1,1,-1,-1,-1,-1,1,-1,-1,-1,-1,1,-1,-1,-1,-1,-1,-1,-1,-1,-1,1,-1,-1,-1,-1,-1,-1,-1,-1,-1,1,1,-1,1,1,1,1,-1,-1,-1,-1,-1,-1,-1,-1,-1,-1,-1,-1,1,-1,-1,-1,-1,-1,-1,-1,-1,1,1
E,31.120338540654913,-1,-1,1,-1,-1,1,-1,-1,-1,-1,-1,-1,-1,-1,-1,-1,-1,1,-1,-1,-1,-1,1,-1,-1,1,1,1,-1,1,1,-1,1,1,1,-1,1,-1,-1,-1,1,-1,-1,1,-1,-1,-1,-1,-1,-1,-1,-1,-1,1,-1,-1,-1,-1,-1,-1,1,1,-1,-1,-1,-1,-1,1,-1,-1,-1,1,-1,1,1,1,1,-1,-1,1,-1,-1,-1,-1,1,-1,1,1,1,1,-1,-1,-1,1,1,-1,1,-1,-1,-1
E,13.70981870009772,1,1,1,1,-1,1,1,-1,-1,-1,1,-1,-1,-1,-1,-1,-1,-1,1,-1,1,-1,-1,-1,-1,-1,-1,-1,-1,-1,1,1,1,1,1,-1,-1,-1,-1,-1,1,-1,-1,-1,-1,-1,-1,-1,-1,-1,1,1,1,-1,-1,-1,-1,-1,-1,-1,1,-1,-1,-1,-1,-1,-1,-1,1,-1,1,1,-1,1,1,1,1,-1,1,-1,-1,-1,-1,-1,-1,1,-1,-1,1,1,1,1,-1,-1,1,-1,-1,-1,-1,-1
E,14.45211994562422,1,1,1,1,1,1,1,-1,-1,-1,1,-1,-1,-1,-1,-1,-1,-1,-1,1,1,-1,-1,-1,-1,-1,1,-1,-1,-1,-1,1,1,1,1,-1,-1,-1,-1,-1,1,1,-1,-1,-1,-1,-1,-1,1,-1,-1,-1,-1,-1,-1,-1,-1,-1,-1,-1,1,-1,1,-1,-1,1,-1,-1,1,1,1,1,1,1,1,1,1,-1,-1,-1,-1,1,1,-1,-1,-1,1,1,-1,-1,-1,-1,-1,-1,-1,-1,-1,-1,-1,-1
E,15.093986861599545,-1,1,1,1,1,1,1,-1,-1,-1,1,-1,-1,-1,1,-1,-1,-1,-1,-1,1,-1,-1,-1,-1,1,-1,1,-1,-1,1,1,1,1,1,1,-1,-1,-1,-1,1,-1,1,-1,-1,-1,-1,-1,-1,-1,-1,-1,-1,-1,-1,-1,-1,-1,1,-1,-1,1,1,-1,-1,-1,-1,-1,1,-1,1,1,1,1,1,1,1,-1,-1,1,-1,-1,-1,-1,-1,-1,-1,-1,1,-1,1,-1,-1,-1,-1,-1,-1,-1,-1,-1
E,6.658229217151845,1,1,1,1,1,1,1,-1,-1,-1,1,-1,-1,-1,-1,-1,-1,-1,-1,-1,1,-1,-1,-1,-1,-1,-1,-1,-1,-1,1,1,1,1,1,-1,-1,-1,-1,-1,-1,-1,-1,1,-1,-1,-1,-1,-1,-1,1,-1,1,1,-1,-1,-1,-1,-1,-1,1,-1,-1,1,-1,-1,-1,-1,-1,-1,1,1,1,1,1,1,1,-1,-1,-1,1,-1,-1,-1,-1,-1,-1,-1,-1,-1,-1,-1,-1,-1,-1,-1,-1,-1,-1,-1
E,31.37030176228893,1,1,1,-1,1,1,1,1,-1,-1,1,-1,1,1,1,-1,-1,-1,1,-1,-1,1,-1,-1,1,-1,-1,-1,-1,1,1,-1,-1,1,1,-1,1,-1,-1,-1,-1,-1,1,-1,1,-1,1,-1,-1,1,1,-1,1,1,1,-1,-1,-1,-1,-1,1,1,-1,1,-1,-1,-1,-1,-1,-1,-1,1,-1,1,1,1,-1,-1,-1,-1,1,1,-1,-1,-1,-1,-1,1,-1,-1,-1,-1,-1,-1,-1,-1,-1,1,1,-1
E,47.119724508139086,-1,1,-1,1,1,1,-1,1,-1,-1,1,-1,-1,1,1,-1,1,1,1,1,-1,-1,1,-1,-1,1,1,1,-1,1,-1,1,1,-1,1,1,-1,-1,-1,1,1,-1,1,-1,-1,1,-1,1,1,-1,1,-1,-1,1,1,1,-1,-1,-1,1,1,1,1,-1,1,-1,-1,-1,-1,-1,1,-1,1,-1,-1,-1,-1,1,1,1,-1,1,-1,-1,-1,1,1,1,-1,-1,1,1,1,-1,-1,-1,1,-1,-1,-1
